month,google_ads_spend,fb_ads_spend,email_spend,organic_sessions,conversions
2024-08,135244.421727571,33025.4763811543,17377.6395529803,49500,397
2023-08,105414.881682342,95260.9954952373,19716.7404876372,45583,400
2023-02,81654.5259388494,99688.5831081716,14827.7721641879,60161,392
2023-12,84362.3557943161,95460.1803936034,14180.3686022151,57658,399
2023-10,82110.2593272424,93215.870383364,24372.7178055091,63890,
2024-06,114738.220621788,51810.2262197809,39588.6959053925,33156,482
2023-10,112938.514506589,50646.4406879721,19005.592488972,49054,456
2023-12,78600.6729915937,73451.3748393912,1311.44315982989,70817,286
2023-06,109807.325927175,77464.8042569534,19215.9922657333,59718,493
2024-09,107544.81009826,96376.9504407632,22631.1322938163,62210,406
2024-07,132261.716632492,107762.496641185,28660.2960694633,42078,467
2024-11,107184.009663413,45728.9488792749,32759.3616646881,49852,423
2024-09,82689.8668081839,46828.0610158244,15167.7609162018,52630,384
2024-01,104853.746218082,88668.1004060488,17303.789002549,55954,484
2023-03,121143.68327317,100238.547206324,22352.1311944531,31962,393
2023-11,113646.274019915,79726.5237009979,23518.7430917826,70117,460
2024-12,137766.586172285,82367.0347367683,13542.2745801245,49305,390
2023-04,146748.848703173,99759.7769133867,24164.0999730262,64831,373
2023-03,117644.13854028,47233.8553923907,19941.9544122747,46259,428
2024-03,106845.618668829,113627.929340295,15184.8227125391,58509,436
2024-07,50941.2918978534,57034.5885369242,18800.9757318227,63347,357
2024-01,64974.9752835786,76492.094298821,36142.4515903442,51334,382
2024-07,114752.189222687,99084.8269895492,16350.6532201595,56030,410
2023-01,121579.828054883,84242.3289492821,23855.7426164231,40889,
2024-05,128364.919139782,78015.0904653627,22280.2779367949,46323,480
2024-03,81765.7005991103,76609.9690024779,26287.9425016251,64075,369
2024-08,158790.519458676,87831.0423423404,11656.5739055301,54428,
2024-11,113022.054615495,78928.5938084916,20594.1895215212,39060,
2023-06,65316.178985469,52280.8776148751,22938.8827931799,69234,335
2024-05,121029.169681119,106833.504421589,26517.4754983526,46265,404
2023-05,33773.5730298594,73428.9875134402,29424.6989484974,36510,386
2024-08,71495.4240984438,82651.814409671,25662.3329132401,42086,
2024-09,87547.2598982401,97628.7164734544,21882.5373478771,50678,487
2023-09,119869.184271049,62741.2033468428,19313.0887936179,49089,412
2024-05,175735.278298225,89271.2973177749,3712.77943916179,43486,357
2024-09,90106.0522886248,30317.2442568393,13027.2762314526,31751,359
2024-05,100016.180878866,87574.0576874683,19163.5888914518,33268,434
2023-11,157666.736808084,90230.3144651637,16592.6032054595,32863,417
2024-05,113591.189697162,106827.950669984,22086.9293977758,59598,478
2024-01,115196.031741578,63538.1601184686,21391.3880958012,39819,409
2023-11,109925.905932007,121969.595184671,9522.14420505894,55778,500
2024-10,122765.432975164,100823.636070626,24701.5592149425,65580,398
2024-09,58422.2000208926,79841.6464883686,2710.70317142632,64767,388
2024-05,86999.4833474642,70730.7350834873,19421.2201987946,50624,388
2024-09,116746.963206349,75684.3411747881,27545.5464278224,55351,402
2024-12,140053.380034123,46043.5753469378,19262.6735134282,61603,379
2024-12,109286.669403015,93583.4899249762,13115.8090561501,49130,402
2023-10,83447.8644450312,137541.871301269,13895.1491724362,62059,401
2023-04,67400.9143334415,82570.3560788767,25192.7470751,61046,461
2023-10,188357.388698053,86262.8550938899,14695.2626093969,55434,473
2024-02,127778.983895567,47570.892590857,38946.6763392035,60272,359
2024-05,78729.1329305508,100402.026102848,29410.7524493716,34733,453
2024-09,41579.8038201423,77766.6033632239,28896.3747368257,43381,286
2024-05,104386.443891327,64882.0283341131,25036.4669285267,39376,367
2023-07,39369.9303737127,84248.6177762871,18712.7604937872,35739,353
2024-06,130812.109019324,74610.8014145263,22145.3355985758,53279,374
2024-10,161697.574621228,68228.7542469429,25248.9296148822,59230,459
2024-01,118203.850751789,86145.4805454097,8658.88194218075,46012,373
2023-12,86147.6487596162,47399.9205540841,29011.4697339682,69223,430
2023-01,138115.876724414,71384.1290747961,14909.9453201117,40656,457
2024-11,106811.891594325,78069.4572100394,30361.1883535627,54859,388
2023-11,79572.7351259292,97049.8324813536,28333.8628212368,56620,508
2024-09,149050.214971943,91025.8958712691,13291.354724148,34280,429
2024-08,122596.403392485,125666.176982798,23339.5762752864,64024,457
2023-07,118683.073756827,100583.920736929,4163.24579317977,45038,454
2023-06,108234.050069097,50087.1237962267,559.020994181152,45610,345
2024-11,73482.3115051496,83577.1234256999,24051.0939778632,58048,270
2024-06,60571.4470657564,72384.4337911316,24577.3850482997,55870,391
2024-10,88497.4617409321,71809.164067251,14173.3658526261,59218,328
2024-11,125501.091855687,85196.3309534412,19639.6441723588,42119,365
2023-09,80570.4173086586,71749.8282843778,1047.80550734999,47631,
2023-10,117016.537163016,67594.8531064623,20375.4903873218,43326,419
2023-09,146203.234712321,104212.470065622,24166.354445542,44085,515
2024-01,49393.6914588084,73691.1629502277,24669.6913585916,58885,391
2024-08,108844.920676291,75106.8755229029,24303.8077586119,38565,375
2024-12,101852.040293809,84329.9410677187,5395.07857148283,55461,418
2024-08,97681.4428760111,139361.6570821,14536.5191494785,45666,418
2024-01,97714.3716612695,71781.8796758427,8745.51564316103,43441,367
2024-01,136857.16246186,135056.081834323,30683.7911828052,40695,471
2023-07,95220.1426747195,124613.97222134,18676.6075825449,34069,
2024-01,122711.680054583,97248.5069224022,18398.2666680668,58200,323
2023-05,103114.877050981,101517.135534216,13337.0937987637,39963,317
2023-01,147696.867844321,61996.1505744608,21928.3462228969,57247,516
2023-09,95383.0667804309,66514.2551555395,21384.5411885644,65408,382
2024-02,71353.9275524777,41481.0547921159,10229.6209231582,60372,
2023-10,81774.3727023787,62100.8194204014,20680.3668816015,47126,359
2023-05,140479.717834322,118450.407046541,7119.82661672803,53931,
2023-08,92552.4665841672,87731.9596281674,18298.2406645526,52765,432
2024-05,108837.30401621,63829.0923958094,14966.4031442374,32723,347
2024-01,158862.050856956,60199.9106476189,10452.9695004494,53839,422
2024-04,94132.2028945233,115226.149160302,24393.0134044669,43640,413
2024-12,84922.4045828295,101868.490539506,17534.8189643749,28482,399
2023-11,53889.2199661621,134605.765043873,12274.6566892222,48057,399
2023-02,91340.2551796231,72749.2399633452,23374.618289287,68314,434
2023-03,144355.416357206,53834.5222976625,22538.9010660429,51862,450
2024-12,141286.959119067,74480.2712551987,16755.9730675673,56407,345
2023-06,92894.4385263347,76645.0577678637,12637.1310695446,62684,326
2023-11,95923.8085490861,87328.9306330742,30827.6124918089,49873,474
2023-10,121017.861918314,83086.4389042286,11283.8927338124,32785,415
2024-12,83719.0937829216,102981.527292032,25966.8521447886,47784,360
2024-01,115322.066488218,54551.2638466212,13932.2886165531,38247,379
2023-04,135105.770022117,79873.9782444118,16454.2504605784,31692,459
2024-11,76587.8618221412,82937.9404789524,17166.2510726669,60058,369
2023-05,98232.2093643085,92143.6786863865,36855.5214581055,60661,
2024-10,100095.939718459,66878.5134918891,12400.0343718424,43366,
2023-01,119601.051513877,53220.1285532754,30665.6844910404,59024,424
2023-04,100009.558343952,66067.9672596362,22160.6752907821,63057,362
2023-09,53998.2373324381,97580.4563714186,22594.9277939504,36557,
2024-01,74226.8717784958,61886.6932741438,17410.5379676705,46801,326
2024-06,77255.0854150022,74280.3914020155,21341.5322788765,46204,437
2024-12,115242.631432624,40228.8535785326,24189.8221233108,57266,
2024-09,55144.0723809053,80201.6689852784,19938.330788142,36540,286
2023-01,97373.3936063968,74173.0701987295,16661.8770774209,48999,334
2023-06,86955.3816140166,93333.1257653587,17200.2393571897,29936,372
2024-09,67895.2460947942,86678.4074115433,22550.6992270434,30094,420
2024-12,66634.4109616432,118979.557262059,19609.7898839951,35043,
2023-04,110442.85875362,70217.5027525406,19226.7687230549,69353,370
2024-05,101798.885730871,115496.112184326,22164.1078037312,30720,463
2023-06,65109.9142664967,115170.188218324,13417.0591600162,85634,457
2024-05,76101.6229111606,80500.3451250403,26029.1542530677,59403,414
2024-12,137564.771108983,76925.7763341408,17066.2586513917,45837,476
2023-02,110955.431209079,87282.0916422564,26361.8739940575,25387,449
2024-01,106557.066666211,121720.202032518,7771.29614189066,68686,423
2023-05,114669.685919801,121897.969690234,24486.0901440446,54804,473
2023-05,85495.6559501687,79287.7718872402,14275.897871018,49465,260
2024-08,112871.187027026,76956.5686554094,17310.3701066659,52637,337
2024-02,157878.099898638,77430.81346281,18833.2445362225,38415,458
2023-09,141608.796708198,105897.905235801,26835.5020091244,56556,
2024-04,56495.1049888989,74974.0307033341,18113.0282837306,62585,368
2024-12,148369.345837106,109937.213500954,16348.0351239672,28458,538
2023-01,140781.556696922,45844.7102274443,32073.92015862,54585,449
2023-01,148443.49762742,113617.129330765,25210.6476159616,55678,
2024-11,87998.2769835242,78622.463756692,12781.4627632437,46003,358
2024-08,80940.8389113501,83418.6625662116,17408.1531943954,56026,301
2023-05,96599.356176781,83288.7910044374,17514.966081305,47931,318
2023-09,110694.313140085,96190.1495641768,23948.2983536301,62464,
2023-01,114360.435419528,83902.2684614213,25500.40575674,31073,387
2023-08,147606.989710993,18489.1044475949,18878.5765613972,64067,395
2023-04,87849.6678564791,83235.5419203825,17175.0385599804,50370,354
2024-07,133260.232598672,115581.623026642,18932.877423107,33362,437
2024-09,94480.3401969111,92638.4719225802,11935.8942146346,40770,417
2023-11,128167.264961187,64460.1488707329,9334.26356839203,89409,437
2023-10,91989.8871469891,101725.781888271,19004.3469622846,60405,419
2024-03,102738.156945027,77160.4532942303,8420.94933229528,73257,334
2024-08,59199.2927106822,74678.5029310908,12308.2254919159,49379,377
2024-09,129859.087015877,100368.268040542,17554.9435617146,50595,465
2024-12,47266.3772817378,94264.6175029965,8341.60569932935,74484,319
2024-08,94453.7446841623,60757.3225190536,14960.2397451545,77289,419
2023-03,53523.9266455649,117605.322517131,29545.9382011315,46625,422
2024-12,99551.6776173678,129314.497611173,13629.6784880633,51752,408
2024-02,57008.7878614644,134790.956376375,10547.4673671807,52641,298
2023-09,88027.8838227072,90549.2205358364,13402.1281639811,57041,373
2024-02,134802.475371958,114044.022833506,15306.0419141599,50920,465
2023-08,118580.478863041,80359.5499061066,21521.6876747427,47079,431
2024-03,138938.205806054,96152.0810302964,25610.045115547,58676,459
2023-03,109564.811307386,52870.6580416064,30150.4612505357,16604,407
2023-05,134226.879314508,45903.3016592665,23198.2393409348,41830,398
2024-03,128378.228819183,84951.4231471288,3725.1530569251,38282,452
2024-10,113468.28154579,123703.389313107,33461.1807521064,45893,604
2024-04,100734.390095557,55933.2866397744,14930.8810727154,22919,455
2024-12,147842.859671316,54612.314029667,18176.9256929448,51147,379
2023-10,47346.9390618652,74741.0599055772,17431.364564326,45339,353
2024-10,142885.58975578,72422.6820077068,21363.5439897709,58722,471
2023-11,81567.2942665647,82409.4280778509,24380.3185613524,36459,
2024-03,142947.667156423,61930.4936138877,21549.3601467854,57707,408
2024-03,114448.415370643,84081.3906573041,8256.65457888959,55509,343
2024-03,128176.085549861,63219.7231216528,18709.7165307108,66467,440
2023-10,67615.7824127636,54627.0857300229,15205.5776910102,54735,359
2023-10,74706.9308601139,50819.762859641,22252.6672406867,47817,467
2023-11,101098.109696892,125356.320692507,10636.9312151653,31121,
2023-12,135673.893443604,123902.539742338,13742.5643683789,44473,403
2023-04,45650.8045864484,97960.2924444157,21784.1624236973,50125,297
2024-07,149198.70045486,67416.0815487632,24269.0113985318,32545,442
2023-07,108741.233687158,88176.8804513327,21237.188345893,55934,365
2023-09,105921.17816319,82843.9420870069,21853.3814735605,50868,352
2024-11,60466.0074367308,24643.2953528862,26540.2760787624,59931,375
2023-11,109203.698873844,26672.0195570472,11786.3160657179,52044,360
2024-11,93317.5536054394,89222.9300727062,20093.213661482,51449,372
2024-06,129460.329583648,69230.7097829904,9354.80733583499,40748,
2023-07,129820.083651065,78943.3000391302,18510.8142482748,35016,469
2023-02,80441.4353792984,77499.3035264666,31841.4646150549,56105,324
2023-12,46914.6929094258,78392.2387470189,10298.0750810016,57782,332
2023-01,104961.543070716,62331.4204589412,33931.0692422937,84111,408
2023-10,110591.17745245,82435.4335766078,17922.5050924715,40015,358
2023-04,65932.0820342343,90131.0006387286,15842.6041743709,19060,391
2023-06,98852.1615260753,113666.825035029,22984.9791767281,32255,324
2023-06,78415.8284698619,64372.3144826587,27545.2736080013,49893,441
2023-12,60255.008328921,104131.609609511,25767.9132274474,25781,461
2024-10,102803.754752991,89801.1125967126,13080.8311005726,65302,341
2024-05,124962.760551218,100515.186897717,12206.6605746222,73800,441
2023-01,119616.778308131,41821.9801166061,36941.8400240685,35305,478
2024-10,70156.8484620491,64525.2799288079,26310.0323510836,62330,310
2024-11,132714.16507171,106124.51237833,12496.3727292409,69183,369
2024-11,81256.8225166715,91975.0656022997,13171.4697223791,53165,393
2024-01,94387.7719023184,100810.013464764,18173.1136587389,52778,468
2024-03,123720.586300775,99650.4322703552,10806.5631822658,56297,381
2023-11,61557.5506066592,78207.3413428758,12765.6385067873,59487,390
2024-06,42921.2129070567,59292.4365105778,8321.70662465601,44448,329
2024-07,92731.3570546484,65256.0189833216,30401.4122145051,22341,467
2023-05,83671.3512053354,78047.2747471803,15781.0932982391,68514,316
2023-11,100352.091091658,93185.9662964999,7111.97785691866,38961,381
2023-01,73400.0489594688,59610.2057195213,17201.0986953885,57794,338
2024-12,132352.785834188,55056.0554335161,9984.62191621238,73116,
2023-06,60672.6397878352,36448.6514557042,28600.8276304715,45904,
2023-08,95223.9486524008,105323.572116745,18563.7613281926,78128,423
2023-06,131853.54300875,100130.99644761,19708.4214379357,42956,467
2024-09,115302.961936218,65685.3487968368,21330.7109276052,64834,514
2023-12,125631.079610483,126568.992159507,14965.0063103484,58422,523
2024-08,73110.0000108401,67860.2471988748,33903.238094682,38298,328
2023-11,145839.447209185,109919.080624511,23456.9619518702,49451,458
2023-03,108458.466214272,119495.173935039,21908.5290091366,76003,402
2024-05,99409.5773701519,70673.5333084021,11318.8676547013,48162,399
2024-07,115726.905398561,134261.304473614,23715.7397577885,63801,473
2023-01,150341.668013578,139961.232139702,24248.6810478076,38088,483
2023-04,108458.029096155,91412.4508812662,25587.401075075,55522,433
2023-11,80914.0467639361,90028.4565316057,34839.8988598453,62239,449
2023-08,130887.007714683,70723.3992774787,15933.8788313334,41026,413
2023-09,87339.8230987276,110206.868516303,16197.4126585425,40367,
2023-11,86458.7430675597,83838.2114312588,23610.5825979473,36359,462
2023-05,119113.571212337,118959.60029702,14566.2245022552,51189,445
2024-11,107916.654830501,43634.631285571,20886.6910295378,32882,402
2023-06,36140.5262644444,33710.3291427353,26548.38973152,43437,266
2023-11,138125.368632266,88190.6554332104,26976.7215642703,48005,596
2024-10,81864.5841832061,123612.388733997,19509.0716792007,30145,443
2023-02,109442.876843655,53716.9546440193,12622.2457829223,49703,395
2024-06,25880.101513618,106328.036313095,16044.0162094802,34019,390
2023-10,99291.4606174463,110404.144419556,23503.618103838,49981,
2023-01,114481.382816684,69661.7185297668,13179.419290028,57318,389
2024-11,101007.02944207,107234.495903865,19088.9871381141,50180,394
2024-11,112922.198019456,88745.6978170022,27206.2010543245,43050,
2023-05,123764.121974364,86305.3250840716,12750.2549904584,65678,333
2024-08,123528.542597913,48369.6991000451,35086.3081318842,31464,490
2023-12,97550.9691996627,70834.9357540314,21483.1732517421,57582,351
2023-02,75526.3682449428,96240.1216278221,6341.2563708032,42989,517
2024-12,70959.6110623216,108695.069793994,15312.3938502895,56108,
2024-06,133868.702055488,74993.6543296806,35911.0771100388,42927,477
2024-06,107358.307966528,51950.7970012646,17713.021960167,51938,362
2024-09,173227.718963696,59034.4081600117,29435.3957451234,60277,
2024-01,74043.7283844326,60793.6169902057,15856.2616062679,28571,304
2024-08,55525.7045390907,113646.875079443,24947.6991391058,59431,425
2023-10,105009.028700025,116517.008303228,15113.8987541461,51280,465
2023-04,60363.7230443161,157414.722403564,20228.5261022207,51703,489
2023-05,127448.659990307,80951.9504849115,21041.0355047843,31950,406
2024-05,115516.306484769,91097.3209760722,29769.3260000327,48553,378
2023-10,131701.91292327,115902.23365455,27185.9565828498,48036,531
2024-09,202867.314340246,82878.8078610119,9506.106462039,42964,519
2023-03,51855.8706730581,84235.0768728017,23042.6932025271,68421,430
2024-03,125937.543752553,25933.0247371368,27368.4250243834,58466,414
2023-07,48093.3362156354,60580.6522703235,10665.4178437275,25819,317
2023-07,76065.3363567166,145632.639506723,18649.8244844967,65525,351
2023-04,84097.3124198539,82422.4469008579,12734.7684111386,44933,364
2024-01,92982.7604366532,126377.964325884,23025.8102834521,55754,467
2023-12,118378.791320113,77927.8254031284,17434.0290281692,52001,473
2023-11,133787.145653092,73990.0381077897,26142.7495573449,47664,446
2024-11,85794.2985533741,75458.8715273442,30730.6405563974,51109,
2024-04,56583.4666222613,72268.9023091818,18069.4807700422,40050,351
2024-07,87124.5312931704,81999.8963810896,20972.0240785515,38530,374
2023-12,102321.228482825,109607.485778918,22053.7533823659,42056,454
2023-08,151226.466679653,102917.661814725,24380.212243485,58707,554
2024-03,132268.80382053,94169.0095279414,28549.1377567207,37020,389
2023-08,104712.959519315,81717.0177412635,15648.7195718939,59910,308
2024-03,83956.8323182659,67876.1113780596,6909.58571920432,67936,284
2024-10,82349.7982807694,102699.493945128,25168.3627474299,36701,448
2023-08,108693.534359747,138325.889052787,23231.5233285464,48305,422
2024-08,77672.6989913329,59355.772613296,30968.7905112954,50215,415
2023-02,145427.427999427,21038.3964448134,30230.990117603,50664,444
2024-01,75147.9033475525,61121.890038787,23910.7671185039,78615,422
2024-12,137965.687642556,75199.9682434645,15198.366203315,40630,404
2023-10,38416.5270048842,61877.01642771,15517.1747515213,47895,
2023-05,110873.526058768,79626.865688926,15348.4553092579,26439,376
2024-07,70826.4808693898,91651.6687069651,27274.2991735496,61262,436
2024-11,95994.2279364254,66951.1108631026,14023.1779706635,31910,427
2024-05,94758.6688621008,48841.4926594782,13388.0689943181,39596,362
2024-08,132024.035532121,71300.2612601104,1979.73188173081,47729,385
2023-12,93252.3930719344,64313.4708381075,21739.5126458067,50793,386
2023-11,112379.240843289,69254.1794213037,16107.3146423948,66561,427
2023-03,124808.381828284,110652.614633352,24207.5534449984,61140,382
2023-01,106124.616159881,75432.0384546418,33421.4727271985,61131,401
2024-05,111183.824755876,84192.033336231,23634.6514652178,37773,443
2024-05,93155.459521353,87061.24410139,14204.9186790226,42979,449
2023-04,68453.5732497952,55556.1399739488,19587.3499422754,40737,307
2024-10,103152.279136249,42373.3535774074,11936.3021206909,74649,383
2024-11,77603.0994319027,90455.3769566549,24538.643815893,61932,392
2024-06,129294.931083187,29038.8368779457,11549.534956194,51966,392
2024-05,72646.5313699407,86485.499781579,15009.2780105019,46676,423
2024-07,127268.124906658,55073.4918159184,11541.9883038392,45065,393
2024-06,80263.0453427578,106016.061069992,22779.1187336684,54873,347
2024-02,135018.721521513,9495.77944398273,26672.443614795,61211,374
2023-02,138187.306517423,78422.5611761414,20499.4536266195,54074,601
2023-07,140333.01724249,97528.280017823,12697.5641071904,51723,
2023-06,124663.325418484,83511.6743933714,11003.8265630888,50973,371
2024-01,104536.486640126,58523.0670908686,20219.9010668865,59005,389
2024-06,88273.3519848283,85081.9055264366,25577.4609663428,36713,420
2023-08,139526.224570522,94341.4240819179,20462.0331733378,57676,478
2023-06,122608.033274794,29401.7097254264,7572.35093069388,62057,286
2024-09,112046.159071576,71198.7585991927,12030.486035232,54195,403
2023-04,163310.279562891,64379.7198866028,31520.8809605534,54229,444
2023-08,123977.393725517,94143.4626113488,20286.7463588644,53195,410
2023-08,75226.3862423648,98986.0543455646,18208.4846054938,49039,404
2023-07,107958.650343514,44266.8382256484,30290.0166916389,51454,
2023-03,112925.380155092,85913.5548403716,26136.5015159176,56455,469
2024-08,140529.817171825,102090.613724274,18716.1102373715,36525,543
2023-06,92868.2987995866,68172.3146659869,6106.18545788449,54061,367
2024-08,54546.5519125156,91331.8510533294,16014.4646343885,82283,331
2023-08,86944.2000340662,58130.5943936408,30223.0121683358,45526,357
2023-12,121208.650297616,45491.1766146704,25000.8843699916,71376,435
2024-11,119136.949487798,101751.505422687,33677.6642294042,64518,489
2023-02,127116.74201908,57851.6268633722,26210.3487259786,37933,407
2023-04,7523.13474570288,90035.7414841866,14849.0239111332,63333,328
2023-12,133722.876841049,52910.0863831866,28307.0882972771,75270,
2024-05,123710.470260769,84239.9419098734,15802.6497554771,59134,347
2024-08,87467.3462523755,35723.5799415704,14370.7489814793,57704,370
2023-05,101527.410866064,84260.0248515503,4913.08305708633,45529,344
2023-04,80228.2092845638,94989.4656953438,13115.9413879575,42743,
2024-07,91176.3045887149,52804.0613071595,20633.6234295172,38586,379
2024-07,95659.4271777297,121801.044326058,23977.7438436256,27924,377
2024-03,101656.24026977,56753.8012901837,3746.94744188682,66194,
2024-06,115629.306204753,64816.9238632271,23421.4141680794,41547,424
2023-12,72382.5032249057,117907.2112639,7438.10676734524,64787,
2023-02,85315.9901397403,84175.0730423935,25866.7840574254,66400,420
2024-07,73279.1174421317,81390.7530941447,34534.345893299,66172,452
2024-09,123870.610603672,97486.2522651636,29270.038676079,44520,392
2023-08,102070.105022112,59560.4603305577,11559.8339569825,41356,497
2023-02,104083.739022275,89047.6959090247,10221.097543966,27874,354
2023-01,143145.867556262,88356.886651913,24788.7607315551,58862,433
2023-01,141638.967519201,64179.8100194454,31249.8588741004,55307,366
2024-05,77559.715401984,35376.5366781974,29306.2570623537,49703,253
2024-02,111272.40645159,66570.893440292,8129.55315973341,70135,386
2023-06,91197.0579306006,70014.3804753496,7893.76424673782,34345,427
2023-01,85783.5139064284,80551.6925234216,3645.3561903914,34182,388
2024-05,111331.352803415,123834.379968108,30743.6506530498,47231,
2024-04,90501.8967129078,131370.245465966,29192.1175684192,52036,464
2024-12,143345.508617794,94489.4461778462,32469.0241365607,23676,506
2023-10,84536.9540595585,123909.4496907,32371.1894975186,50394,525
2024-03,153493.435599775,81860.1667981537,39775.4701794549,49623,487
2024-09,125976.17765753,71155.2317214422,20682.7182063592,66913,
2024-08,49149.4662107408,89182.9846962299,14429.6513675808,60383,384
2023-06,144142.010444996,102688.307519817,28721.9542692645,41970,523
2024-08,159053.538680809,62783.7522840808,34397.9063338168,43407,435
2024-03,108886.013300645,97897.7604032202,27294.0009917781,38458,463
2024-10,79433.3628554948,42776.9435982356,12570.1094757377,40989,364
2024-11,134566.40989206,43169.8342531183,22815.6885936644,35879,446
2023-03,81318.0825698876,53716.774549418,26397.3161227806,42956,361
2024-02,33400.3273733087,103663.784035587,26567.2681693529,50065,
2024-05,136281.075350043,63343.4153409802,16373.1723991953,77744,384
2023-03,122266.298872795,94052.3065520654,23121.3775430407,53384,462
2023-09,108158.217728216,78702.0410305985,32090.2649928859,34248,486
2023-08,124670.268960627,97459.978033235,28935.835421121,48888,367
2024-12,97831.2202085654,55220.1445593861,14145.1263211355,35090,346
2023-06,82101.2891804965,20560.7542518224,25601.7752902583,76643,
2024-05,93912.2813039732,78631.3401080946,16632.1130558946,51080,388
2024-11,74768.5470880512,122072.209723696,8102.76611432183,58619,383
2023-02,157024.954451972,88521.6149812055,17120.755702534,47027,464
2024-08,65716.279150108,60828.2618720522,5720.44824646514,38924,330
2024-05,109005.251478536,30516.75762509,18902.3063756464,56760,363
2023-02,80986.340626666,69695.9713737947,15673.8931601822,42359,376
2023-02,169230.646832064,61407.5020773704,17454.8589387086,49379,418
2023-10,132947.074105703,20727.8656673391,15751.5266369706,59819,366
2023-04,75374.8312344913,91018.9188609691,27250.7458831772,52527,362
2023-03,113686.099574552,69948.7674931303,25961.4950551506,67799,291
2024-03,103332.024195869,36606.6515763093,39534.3086826382,44382,449
2023-12,98940.4942121531,59922.8854820235,12623.5756225806,69028,419
2023-05,158307.522621327,81386.3333789425,22303.356969968,46793,453
2023-02,68743.3920256789,82100.2547731088,13686.0272409104,55302,370
2023-09,108630.461310272,121878.248492256,19698.2564018753,59080,548
2023-07,139198.512078851,108829.242461371,17546.494275836,52755,395
2024-11,114967.432028932,86861.504440346,20187.0810012494,62326,364
2024-11,149045.88553481,102544.117198507,19434.9281627842,48215,493
2023-09,145625.536961913,82540.1929672503,21152.2472158338,50217,543
2024-11,88933.5069118893,79262.3100345232,31707.485234088,51764,472
2024-05,72661.5982929113,74867.6869592872,31875.4723075218,41883,388
2024-06,107700.556926744,55271.1370501753,16689.5190510248,51351,387
2023-04,138410.560625114,118536.429870806,13151.3210239927,51335,493
2024-07,145490.423973976,97962.2574329282,22327.3072127387,57998,502
2023-11,72168.5712314689,84819.9698126567,31673.2879535095,47511,409
2024-08,92724.5065142193,22153.5126098281,20164.7214178774,53621,
2024-06,65360.8915334582,57984.8385054588,26113.5009290845,73670,433
2024-09,59669.6198550834,101365.682763768,14694.7009935257,43012,347
2024-06,121182.008495663,103981.334411226,19215.7514297617,49027,466
2024-02,117039.836185727,109405.642668963,9725.02419592641,50240,370
2024-06,98471.7316280979,74345.617807981,19626.0043687784,40403,322
2024-03,37166.8741985529,76720.496143379,16551.9911533365,41888,397
2024-09,74216.8543961407,115420.85205347,32990.7499541541,26589,437
2024-08,88009.1052749203,7204.90138206836,8442.86997545269,59299,411
2023-01,127080.344280977,88090.8118128244,19829.3409469513,70191,
2024-03,82394.7196142744,30000.3359922427,3214.50029383039,65862,310
2023-07,105497.257313762,35233.7251760822,13974.4886976923,46454,372
2024-09,88042.2388325872,54066.8450424664,13723.4640591798,64499,370
2023-07,118364.704208667,57528.1547280668,3630.587883205,43722,328
2024-06,110470.368058842,162143.092842046,25561.328140946,82831,519
2023-03,81103.4128728186,88697.9019530221,34245.1087958217,71954,391
2023-01,107595.510870979,44268.3280082214,26597.3489975314,68640,398
2024-03,79978.4783691962,89003.2737819391,23339.6722509053,50973,406
2023-05,94785.5544859189,104898.87320566,25889.819561321,38202,379
2023-05,92368.7674892031,98420.9281026295,21184.4593111265,42282,426
2023-05,90075.6844143318,102012.161505603,22664.4674805364,46216,428
2023-04,139451.441785726,65759.2480863406,23221.2558531773,49154,
2024-01,80363.0517521281,82758.3858289844,28862.5862593344,38755,337
2023-11,61256.3330653911,50733.4367449953,24762.5863031413,33129,336
2023-02,118548.679099321,90416.4765137148,16915.5281603001,52291,
2023-11,93272.7713335544,74729.1320336355,37883.4194780557,59711,552
2023-02,85091.106012385,77875.8350777963,9342.99387778682,40285,461
2024-04,84338.9713047473,127982.032503611,10053.1019145609,37358,389
2023-04,98087.5023496247,103077.182311253,23606.1633374901,45004,421
2024-11,90428.112406459,57133.6566168568,12896.296507187,62334,270
2023-05,148520.760923352,71425.1443599442,13819.9311488627,58877,507
2024-02,133528.973248119,92546.3012339973,28694.9079177747,29402,438
2024-09,72664.8981992547,110615.968280379,16932.1758486089,60144,421
2024-08,74130.7919150896,65326.0447505929,30350.5415265178,40694,393
2024-06,76523.7614102066,72151.1953271035,19630.7044482402,40605,325
2023-10,108588.200103323,58881.5647802206,13514.7395544106,38731,
2023-05,128311.049031995,117663.215907807,14192.6553120498,75803,400
2023-08,132506.455699836,61957.5886496139,13032.6138410399,41062,405
2023-06,117399.165131008,96746.7009476206,12448.1198772169,38124,373
2023-02,96659.3679284347,74746.1098952281,12398.5963034416,53235,494
2023-09,84858.5361449455,69162.2044699117,24477.292562595,43294,
2024-06,78443.7187966288,125802.990189433,22758.1997807384,42559,395
2023-10,84586.007418759,114318.741656222,9849.99193918973,41984,367
2024-09,99529.3609972919,73222.2576838301,8070.1773488763,45202,369
2024-12,81157.0649476065,97169.3872261916,27355.2674300292,49059,425
2024-02,35168.3200795219,69472.4306959542,28038.5735340633,44918,309
2024-02,168330.667780928,125476.929754895,23740.5992998573,63666,404
2023-08,76373.4567811388,68251.0531706712,18112.1592090644,44120,239
2023-05,111580.738561257,93591.3532070152,32815.1903327199,40540,408
2024-01,19600.4654210659,72660.8290852278,27208.8942484974,42658,439
2023-07,92302.1549263143,83674.8071072139,9095.17535534725,53446,
2023-06,120810.938650394,98110.7044058853,30874.3313946921,37760,469
2023-10,116914.496781595,91057.0409582577,13077.6057989212,21296,
2024-12,95425.0096507024,65833.235175964,26111.5629097237,49460,334
2023-12,42056.4313271134,51775.9183716709,39144.0983581343,58673,371
2024-03,94550.1721844259,73815.1765013141,29337.5678668728,44112,441
2023-05,89547.1614912522,128503.915795877,25938.3080606264,64946,415
2024-04,131744.083377023,72185.5643651327,20880.2785914628,69620,379
2023-06,106097.431939162,90950.1314629682,24160.0350464065,44590,531
2024-02,61152.0434397922,116472.134715812,29720.5248447331,72810,334
2024-03,73935.0553633087,117298.576479041,4983.68676295753,30722,353
2023-10,105759.813658668,119805.626841219,18517.8726805571,42701,454
2024-03,114087.894498832,91030.9955542568,18576.1103363892,26538,
2023-11,142608.132558024,84676.723449415,17419.8230471435,63418,388
2024-07,93239.5559886098,83443.9601293509,16468.979973643,51209,383
2024-05,58019.7085664237,84536.9470469764,9373.18566789706,51987,413
2024-04,91569.3040817184,50712.9217507254,18984.0974943602,40016,399
2024-08,95560.3375743144,122744.081291614,29303.9167654187,48163,488
2023-06,88202.9077251146,80848.9221291292,17108.5264291975,59197,458
2024-05,123959.446215734,103048.415032134,27384.2674978858,56615,404
2023-01,151029.145582495,125110.270667461,18128.9631734931,45551,517
2024-10,116524.385055505,74951.3482811745,9999.79475529917,53668,424
2024-01,121774.634441164,88732.3193088552,17831.0788131047,61928,431
2024-11,86052.3095690584,75483.665448857,6032.24774020014,47813,392
2024-11,110193.490664177,118016.60432453,17896.2006878744,55847,480
2023-03,170285.710248622,83619.137277941,11646.5025690878,60175,553
2023-08,90323.5386932014,101027.03846516,29829.8244418314,62204,437
2023-07,79045.7872536056,77968.0112996604,23668.803631021,60898,405
2023-07,88602.7610037827,93884.4914037442,26880.6805419426,54555,375
2024-05,94557.8189584843,103695.519410312,8935.85753004421,24881,470
2023-10,115342.457650656,95168.2500630027,11385.4642109836,58850,428
2023-04,52470.1726645481,115607.085356846,21269.4665889498,45246,368
2024-02,39543.3428370287,94833.4149907841,22094.8576579658,47671,423
2023-08,58484.2294301246,65080.6880908096,13199.9339619169,46654,340
2023-05,112900.405714341,71325.6636723721,12981.1541187608,70232,516
2024-07,104298.600156461,61080.4908244783,31803.6330483384,32638,400
2023-06,79116.488459611,51011.6112387378,17759.8061366258,39629,356
2024-03,100815.315030174,64466.7069119505,17035.893147249,47229,426
2023-10,95547.1179680744,100617.543519652,24686.5038684372,56858,494
2023-11,66418.2736076227,68170.4223423222,34106.3904023966,46912,248
2024-10,93910.9497055634,83373.4882540812,936.904939449687,66007,326
2024-07,109856.893455625,74350.4613663985,9693.18864636767,37153,341
2024-12,132570.157275509,76311.5452974962,15825.075867586,38784,485
2024-03,143926.038175708,109618.597467667,23939.4987132333,53477,418
2023-09,92625.4261986683,62903.4949163391,5395.90312812232,62684,318
2023-12,135878.257223059,102043.660019,24453.7438130674,57354,435
2023-01,155735.50453872,81078.1357738262,22415.4534809496,42211,418
2024-09,114318.880264283,85437.8373984696,13685.1810727794,32738,346
2023-12,135884.011512733,64668.6546337482,17288.7316345933,67404,366
2024-12,78190.1552284883,60780.8292859827,32944.5478493283,73920,430
2023-04,123501.541724627,65491.1249286817,35578.6278952343,53212,489
2024-09,96834.2518368714,73299.1853168097,33304.3380767689,56476,494
2024-11,107659.845152351,58790.8365894227,15333.2565369721,51235,354
2023-06,66776.1577411693,110035.425794676,15641.0394334119,51658,400
2023-07,82355.4062403829,116269.986657718,11062.8659103631,53139,409
2023-05,98372.3619140756,47577.1846682004,26966.5404149077,58922,356
2023-06,121224.616216161,89372.6921575194,9755.10283711113,39752,
2024-03,109282.485554262,65892.4263547343,13132.1928706189,43815,366
2024-03,74621.1090211225,36455.8971904174,29120.1062912063,61647,298
2023-06,104089.33886691,57444.0449321308,17907.4622141877,45862,364
2023-11,160088.412522289,68991.8578830953,13533.8893994646,40849,494
2023-10,50436.930049212,60934.427089112,31574.5827208923,52927,371
2023-06,163964.393804311,86158.6988237125,14334.5107091233,46615,404
2024-10,137678.111200471,94364.0429384179,28995.3131997671,64555,450
2024-07,71657.4144397333,78707.1722172989,13017.9114336917,51979,417
2024-07,94955.810618525,83749.8772476935,19249.2350702131,59632,367
2024-08,34106.612150707,91771.7214843845,27902.675370464,55356,331
2024-05,65949.6370544179,92362.438294508,21131.8316234774,48490,473
2023-12,71595.9971745601,124375.925528187,20254.2712389651,27973,402
2024-07,128784.882297983,70873.6241798757,8201.77167009284,48025,359
2024-02,114754.432032639,99334.9954016903,11549.8367380152,41530,
2024-08,74234.6716510312,52946.0466043001,10570.47094563,54224,353
2023-09,79478.6190886288,80127.1349032059,32217.059073241,38311,310
2024-09,113652.267271611,77239.9709024603,14319.7993054792,57824,446
2024-01,33751.6594035972,63685.0522667128,38540.1298495748,57000,395
2024-09,135186.828358944,80426.7206299932,26373.473280733,58616,479
2024-09,90339.6408814779,84301.4730591565,15293.1074855458,50153,329
2023-09,76281.2802618114,72942.1989518768,12450.3565485594,43939,351
2024-06,112067.870339931,103731.432546323,16289.7250289751,66021,
2023-04,115122.814958318,83841.2282324155,22552.9667349483,64244,488
2024-11,140048.401851509,81033.1707969251,24439.7373199889,66122,
2023-10,90447.4943884509,80400.916575337,27196.7899038353,60982,397
2024-03,54741.7163686087,86154.5986073992,12653.4709013728,32120,285
2023-01,109791.430235367,114025.93402332,20311.15612989,52536,500
2024-05,53666.3527274934,93004.4105400068,19907.2817254494,56792,
2023-10,75461.8812872055,83512.7226071401,33193.5305866757,60330,383
2024-08,59770.8389205616,37948.3179075554,30528.7956148039,38539,334
2023-11,139636.333782327,39652.4636130252,31938.1160758005,46956,
2023-09,92579.4721855326,61935.0804649631,23526.5583912457,42222,293
2024-01,93383.1239677303,46086.3736928365,21634.5590719066,35754,349
2023-09,105477.63412643,74688.5318741433,22003.4422640084,58163,351
2023-01,98068.0737812588,3237.59493770322,21978.6664134602,46390,295
2024-03,109471.582668896,109317.439429627,16191.8580192085,38662,437
2024-03,59931.8000006092,63490.4657366115,29779.217293204,50746,276
2023-10,46090.250581618,84052.1423161694,26899.1246073415,30588,389
2023-01,139910.305224692,127196.474698966,22649.782078879,56081,380
2023-11,162992.57643988,65612.744672597,12532.2307325997,46937,516
2023-09,166241.381426306,83135.2169868961,27984.6733808292,50518,436
2023-05,144302.310123649,64446.8129910903,32284.2461869751,65582,491
2023-03,154869.242687631,135808.650829643,18598.0530962855,40294,407
2024-05,167340.467662908,69007.9497770388,29080.2948568139,41104,557
2023-10,78996.4722455376,50207.0216595664,18331.94855237,43618,385
2023-12,98458.1521842243,95692.559863798,17671.8282153176,42018,381
2024-02,161348.163940931,85629.2733056734,4129.90232437564,43757,442
2023-10,155361.990437511,105717.467897248,12626.2573081447,79020,463
2023-08,137389.894332248,51124.7875650024,814.695237992819,33098,217
2024-06,163362.679817587,85363.3229721604,12602.8478524157,55431,466
2024-08,118628.00186842,110238.285028407,17680.6307757999,39441,483
2024-12,124069.983336534,82518.3952030336,37420.4335094462,44746,419
2023-01,112542.742825198,63126.5535771625,23964.1321931592,40003,390
2023-01,156725.212601175,69860.316081308,13609.1876478616,64048,387
2023-10,79211.703095588,94414.0280127249,27507.2913909863,64645,372
2024-03,117880.260189584,68347.2950113955,15154.7549319149,64438,
2024-12,108346.137880629,83889.486730766,11433.964989292,61593,426
2023-06,40411.2816438874,86935.5277809336,13816.212526667,63164,265
2024-02,89305.6909411137,89050.6137747116,20434.722353135,59155,325
2023-05,149557.430106021,93128.6164697068,30877.7457040072,60490,485
2024-05,61474.0536726652,65911.1704687825,32716.5066629006,66625,348
2023-01,15450.8714139346,74682.756642372,17698.3768949671,47002,337
2023-01,126286.37737965,104757.488677488,23565.6731210829,28390,440
2023-01,169122.693506476,89355.418370062,22942.5565475509,54313,507
2024-07,28506.6345674223,74011.8920772233,19696.8573456425,65377,329
2024-09,50604.6584019418,90752.2289042938,13569.402814058,35398,308
2024-04,116275.126889935,111469.030994002,23863.4395614207,57584,476
2023-01,103039.815305814,97423.2658740689,649.796263444634,51333,330
2024-07,134887.077176324,76321.1173695785,20247.5847061426,31939,487
2023-10,118819.843608214,93923.6970585126,13495.8171826494,40716,432
2024-09,79165.0476925585,90872.3240669335,2712.69917786622,44149,447
2024-11,113184.574839873,84169.8416132748,35881.8122853709,21968,
2023-06,87964.8048475783,101458.780825135,27005.2509058259,39607,473
2023-03,87900.5569803488,110290.990641229,11738.8584150235,48520,375
2023-09,131680.911146971,66930.4695858457,19660.411767906,56081,451
2024-08,126608.578224195,85278.1194211167,16654.0086777614,45803,
2023-11,107487.774282232,76320.7088037891,20153.6273677244,31792,442
2023-04,105433.368666683,105046.760338527,20001.2840592567,29139,411
2023-07,94002.1023064475,98572.58263584,3437.81164389284,50494,405
2023-08,80155.3634415544,81865.7002454212,14983.7079268012,41245,355
2024-08,78679.2402259897,97090.4577984083,14120.384985317,39165,472
2023-01,128822.200354721,33462.16598352,13881.8536811797,52909,399
2023-10,55285.2140278932,108964.137320558,26601.795353453,55782,463
2024-06,113568.699777128,91214.5219812962,32461.4341745779,63214,409
2024-02,118995.855360157,63393.3033760354,24033.2364076022,55719,348
2023-08,96344.6316606689,86631.4255895101,16509.6784720467,53776,438
2024-04,99082.2080730773,85614.9869177065,31067.3926284478,55678,
2024-02,71257.6186107592,96775.6502847212,22641.1995951355,65404,
2024-08,45512.0049959801,37496.9782792935,25885.4461100779,43157,349
2024-05,103426.979335071,75829.008307652,19229.1097152942,39615,401
2024-10,82465.197016168,70693.5869968574,17410.8076423267,47279,419
2023-12,96106.2751238592,105592.558414752,32302.8396106119,60259,471
2023-11,109804.966284506,101633.967726252,20714.8859087699,61814,463
2024-07,89204.7861765884,102396.27200257,20731.8400478205,48726,388
2023-12,104980.565436237,104911.565385325,27111.5200447443,54240,473
2023-07,138150.903745677,76250.8427207285,11076.6399717584,65613,394
2023-09,79289.8562996829,35095.0561166362,24570.2644253144,30542,318
2024-09,117647.103835452,98048.0313102093,14786.3668142541,48390,382
2024-08,83548.0963656645,86655.3815038227,15986.8265696283,47069,311
2023-12,133988.684944184,92751.6648292767,26343.2429746976,65485,419
2023-11,89248.1655091593,32629.1408104447,45123.3832808179,48204,457
2024-04,62855.1656699362,104909.710641075,34860.7270131973,49276,
2024-09,95836.1079716339,24330.9618760693,19696.9063918253,59851,352
2023-05,91475.813359331,93189.2029028008,24832.1987755964,30081,420
2023-10,173079.553726877,46624.5938587994,19316.6493373355,73300,504
2024-12,84598.0995767182,85153.3844905651,19983.1065601214,41023,388
2024-07,91601.0160158041,82818.7234519188,14012.9345544717,34680,383
2024-01,151453.546545363,82055.0731565699,17347.2497685476,59049,443
2023-11,156040.987748773,79902.187267623,25603.9765052653,40944,496
2023-10,108252.804308313,78587.3468835198,15985.9379106422,42343,417
2023-11,118868.173290894,76820.9300926467,22298.1434329663,49545,429
2023-02,93986.6505196832,80449.3144842077,41584.3236545394,53739,473
2023-08,113140.708159843,73429.5794175735,30351.9137063333,46506,485
2024-01,89973.7900580065,56000.687021399,22923.1696658895,36743,407
2024-10,64175.2403172605,72024.7992381787,8546.16242780207,83890,256
2024-10,100294.412211892,108582.60685825,28291.0872686962,60216,427
2024-09,140532.66839011,102834.777270055,21698.3969412838,52886,
2024-09,72710.4392250089,110928.774386968,30497.6639488123,39390,414
2023-05,95697.3035062321,79183.6024064923,20514.3590287007,61362,362
2023-09,74609.5902546202,110915.493553574,16298.8420649496,34843,371
2023-01,90098.41794268,118874.068193144,27398.6096990139,63770,
2024-07,128387.310148459,62797.9468354921,18411.1827571721,38121,404
2024-07,120523.149728042,83364.5821203062,30491.8465516824,36303,473
2024-10,62550.9159439205,82354.4117293411,25922.6673804518,47425,407
2024-08,71208.029955012,38407.7505450904,24456.2369799024,70928,301
2023-12,136665.825403204,81085.5852204103,9314.46782645539,36421,420
2023-11,87866.1313622769,47177.175581044,6447.68575019676,39839,348
2023-07,99807.9774219059,67469.051062498,21615.0975543319,62480,416
2024-08,96360.7398583126,103201.800166517,12321.1975822696,47300,393
2024-01,62891.4022467146,69503.1459428911,3400.32255283758,72946,278
2024-01,147583.423942639,80952.1126429873,24518.9130572477,44134,471
2024-08,119514.689199653,96613.8103598546,26198.1871205949,45580,425
2024-12,52174.7102419719,93080.4752794234,28659.0296905875,69391,399
2024-09,77005.6068127429,37572.5964177636,28333.3338646668,28444,346
2024-10,93270.7951616906,78263.6215537245,20286.4208002867,51657,275
2024-04,100439.677296104,24260.6106472031,25857.744584728,43338,263
2023-07,75573.8596784387,65748.1165203837,29525.59694044,52359,404
2024-05,135436.649026618,77596.3928018878,26033.5036882592,58206,385
2023-04,144189.507328895,44492.4554982326,27338.9331958228,31795,464
2023-07,155857.446344505,74675.5335862447,17949.1548571748,57325,435
2024-10,154548.361112285,84804.8062364674,17438.6439342342,43516,410
2023-10,81167.3503972753,71233.1651585351,16098.8874120114,42101,475
2024-05,69097.1477053153,83665.8146911544,24740.168078087,57561,
2023-12,92778.9228445807,91288.6872809877,22132.1731998256,46892,
2024-08,85962.2883300026,51336.2459073136,14662.7235994694,50398,374
2024-05,153413.582538772,66564.8405274047,26197.0050822012,53671,523
2023-11,117286.861587869,54787.9643178421,6215.63176567015,53735,
2023-06,70590.5876214821,48310.5573866731,21287.8039806972,68092,331
2024-05,117708.10933226,77443.3412445602,9684.94328717286,58817,344
2023-04,100648.798917807,71461.9896248674,27144.6194765255,37302,431
2023-01,74806.077779539,67222.3696917804,9081.60182032082,75105,374
2023-09,76979.5754218551,51883.6077916752,16034.8099769653,58602,255
2024-08,95752.4674211699,124266.046811567,10928.4293122576,50964,527
2024-06,118964.548890723,83148.0955121364,24053.091639272,45189,498
2023-10,88020.0993129936,31020.4597816006,16869.5751684763,38399,332
2024-05,92227.4782275811,109935.579995123,25562.3418133151,53159,431
2023-05,68234.2597342602,25470.6190583581,20905.2800911423,59535,325
2024-01,83954.370316399,91612.5541303553,19333.3423950052,70228,457
2024-03,128785.2417107,98943.3528552476,9678.66068438834,57955,446
2024-07,118192.741851735,92315.2371703263,23622.1007027845,82410,435
2023-06,128090.12142488,68225.2547433999,26325.1326711014,61271,453
2023-11,150077.408271295,57893.0990909896,16102.2324666542,52548,
2024-06,105382.885638848,112143.975912764,14706.4810322694,36313,439
2024-11,97684.5917165891,93571.5930089555,19780.781673068,45919,408
2023-05,100865.466843796,72375.4675037917,18374.9436294126,45156,438
2023-10,105820.630135174,136418.811804219,21285.6364102277,43389,591
2023-02,112408.79133143,104753.11967232,24736.8238656199,57476,472
2024-05,66937.463056718,89188.2261890353,9401.10956919809,47907,320
2023-02,110724.105575462,88353.1561834559,23849.1671261215,53447,398
2024-04,92169.8953194496,103009.904031362,28542.8534183552,36238,
2023-10,78193.3185038586,106130.189550806,29719.0722414643,38903,437
2024-10,155032.939994203,90382.7869310084,31372.0262818647,61984,444
2023-01,94300.5572950877,80868.8619572962,20833.0671041707,60995,421
2023-07,11913.9716866565,47178.9931726819,2500.95268019165,52104,266
2023-06,108496.748758322,56026.7933071346,25393.1520409599,58595,341
2024-01,56018.8539565338,79996.7078443266,34334.2581889069,70396,416
2024-05,78100.0998525977,102171.066487215,16380.6058815277,40789,285
2023-07,103071.46595043,64253.3162715656,20771.443036228,22407,404
2023-05,27066.3650808512,107198.506331714,24175.1298730807,46656,389
2024-01,70657.7721200934,81809.3878903723,26358.1923076827,12868,
2023-02,99320.6760959088,75092.6595563558,31656.8146098192,36513,391
2024-08,42523.9292107466,117757.166281829,18029.6788591296,44739,370
2023-10,119087.07485291,88684.0850879031,41183.0737084567,55447,449
2024-02,83159.2978742816,70181.0261895798,7985.3046029613,50478,394
2024-03,81599.0919813029,59815.4985928972,32127.5611703539,32882,290
2024-05,65412.9416905785,41489.1820718926,23089.8085128367,45671,333
2023-12,134588.025309243,62716.6284709306,26200.7152939651,68135,414
2024-11,122110.685666689,73954.5521867755,27392.7850307263,31142,353
2023-08,88261.9685527738,57776.8797735057,15866.3271245609,47365,402
2024-03,87770.182643022,59403.4672344228,17187.8929859288,40770,
2024-12,51609.4955926909,81736.952905527,15450.3543472236,61595,275
2023-07,83737.4933485636,125322.680516469,12483.1238632172,47161,348
2024-03,59547.1746165706,118682.774577192,21368.3159410972,51604,312
2024-11,110762.241643249,108935.548649846,29195.8164866282,58019,399
2024-12,109393.70251579,96689.6240119152,5644.45131928879,36544,442
2023-06,126281.373300158,41285.4241594652,26360.1716741534,51143,451
2023-12,80964.3602969818,96129.5874120226,26750.630195885,45783,412
2024-12,80544.3511148604,121290.973717147,19037.8244853939,38935,379
2024-08,103803.118034263,98833.2792944553,9313.38523879583,72171,416
2023-03,113993.679189082,77570.2614044141,20154.071738809,48220,467
2024-04,99762.1423763989,99176.2554623177,16529.2198131794,52347,371
2024-06,136495.846976486,59156.3189820221,17400.1644459094,46220,400
2023-10,121674.873083288,72083.5558815839,31151.3962443286,40178,450
2023-04,76726.420320622,90524.3195632867,19872.4021841858,48139,448
2023-05,80369.7438683469,94662.87894045,13848.3206986017,51352,324
2024-09,80124.4856107978,77946.4238606784,34517.1933385846,51209,494
2024-10,106609.698750728,70322.8938881265,32314.8521808056,55244,395
2024-11,114117.143782009,72685.1312523097,4087.72643062963,61231,435
2023-03,155138.260899768,90553.5923048816,18010.2126073397,60019,506
2024-01,149148.435494093,78884.3094233389,18675.3682194592,41413,476
2024-05,53552.1499530749,99402.1843215641,24702.6809749263,57020,389
2024-03,145989.347425933,101799.836635672,15143.3824689944,42929,413
2023-02,116538.499983268,54996.5269690011,28667.1371486668,65875,373
2023-11,94433.5439622144,80415.5245340603,27071.8652837573,69312,328
2024-12,90454.5784741995,73349.5826109913,8794.64116090762,44178,388
2023-01,91639.6329148133,41384.4707848147,42992.6615840793,53194,416
2023-10,67062.2091079886,86517.6540492819,18686.289727668,27337,320
2024-06,123847.780530218,128600.441250011,22937.3232403444,63236,464
2023-10,97403.6151795819,107274.475690487,33302.2183134358,65613,396
2024-03,97991.2332905426,86938.1171119074,17922.5762919398,54654,444
2024-03,130084.292558654,122146.753805538,17364.4711622013,33631,480
2024-05,156514.330935544,68075.6035011485,25494.7758165098,58348,471
2023-02,100207.741631311,56914.2698569652,1746.70342063538,36657,329
2024-12,132922.680622681,77421.7984412156,15847.7942486548,39308,459
2024-08,140750.714992918,106585.893046686,24849.1975980678,32292,458
2023-05,158419.12686669,108048.762297881,7699.9742541222,49332,478
2024-12,77135.2461092134,22269.8994647788,20790.5923601315,40546,297
2024-11,89359.5892020773,76658.1021336297,19927.3376472345,39392,379
2023-02,47277.2988879174,87775.976634202,2850.20330672926,46526,369
2024-01,68219.7793817552,97910.755091435,29245.8616969671,10305,397
2023-02,13726.7971711517,77044.7888607263,19942.6303121494,20209,411
2023-08,108580.474229039,58774.4141979491,31723.0354199881,28452,
2024-05,31016.334289903,125026.129913483,22658.770971776,57912,
2023-06,117213.032834338,81951.9428473997,22167.3707416595,51291,396
2024-06,98601.2570435599,86839.864331542,20884.392956417,32266,342
2023-11,132485.243017492,72325.148852915,24677.8027762875,36894,366
2024-12,74692.1016240486,74435.8732307147,14678.8776057247,65527,372
2023-10,155468.158556856,90110.2038517854,699.593456641513,62672,353
2023-02,106916.01001634,60632.8985584039,37141.6882757135,67275,392
2024-07,96179.2699563667,86114.9517412304,26907.3125724929,50349,367
2024-01,78473.2408239984,79887.9550905802,29875.6558301175,55134,363
2023-03,119451.183331294,70325.379028046,27123.2640414947,80324,412
2024-04,124048.154791791,61365.1666990568,19101.8898624696,50354,401
2023-05,173890.410663251,72335.1731330404,24694.8123102789,26838,502
2023-05,134261.637770567,66810.0664355237,81.7771283233014,49536,388
2023-09,121722.251522329,130272.575885336,16959.5707951975,39724,401
2023-05,105942.358510948,91983.8564704626,15634.7568450993,59344,434
2023-08,101296.950689347,57439.6319813969,16145.0854761222,20842,391
2023-03,100790.238662423,84711.9747772372,24034.5521245165,54629,411
2024-10,101460.041294883,44892.0895825958,15330.2348344846,50605,331
2024-07,125804.523876176,63534.1979761242,21730.4432899865,51398,457
2023-02,127023.735220849,97350.8152741985,3151.95038893493,64329,
2023-04,85536.2714703559,85916.1728168212,12873.3465589537,26619,343
2024-09,83795.8288160917,71128.7317162046,12328.6872799521,41198,364
2023-11,76893.1905066957,93588.1083137507,25453.2852111795,78564,458
2024-06,107293.091749852,64493.392583308,22349.978813392,53919,377
2024-04,123511.941902586,45047.5496329531,18044.8013156999,56670,381
2023-12,93797.3678971219,76555.353470193,13315.190074498,64086,
2023-07,109544.779822297,90341.1974570593,12411.0247903283,50877,361
2024-03,141731.274251678,51530.4265755947,14768.8232461443,35309,
2024-04,147736.458726469,93569.3668478141,21122.3474056044,42121,510
2023-07,75273.3268189764,99840.9823582526,13019.9097871549,42265,419
2023-10,125914.820324673,94936.823347419,11602.6070739456,44639,432
2023-10,74521.5711426973,114274.069003232,784.424448395632,40655,
2023-06,14681.690056847,45094.2717440952,25002.3161003365,50363,379
2024-09,146356.793376545,90826.1594650987,22505.9059920057,50791,331
2023-06,58163.2146002177,82516.8875774734,24928.2056699814,53476,329
2024-10,128122.188474085,117061.100718866,27503.9168023307,61875,448
2024-06,132278.023681024,83643.9659831914,24092.444228176,54385,441
2024-10,74199.925746331,77946.5834111488,27894.0929398626,44702,437
2024-07,122112.12011853,72526.5650745042,31110.4008289566,45733,
2024-06,113023.809446229,79603.3520386622,12897.5889572988,48940,392
2023-08,62251.1084424728,74559.6144320583,13569.5745592233,57031,414
2024-07,63192.5297111428,122807.693209173,18971.591724919,38299,437
2023-07,86606.3656523486,77956.5830992126,16765.7740463034,40199,418
2023-05,91410.9579131744,44083.7051955189,24408.4809937275,35533,317
2023-03,135778.18614932,50091.5025197447,1468.44114458008,57474,363
2024-10,93470.3463658565,72137.490166245,21853.3595121498,40967,468
2023-03,55713.085590718,91121.8729169281,25136.9680310127,40884,327
2024-12,130515.226425105,55228.4811495821,15146.6884739955,60647,406
2023-03,46085.6899711269,123676.478613838,15759.9139297603,45166,389
2023-11,118752.303910122,129027.607282287,6719.45480475443,59911,472
2023-02,95885.0526737765,99681.8423704056,27474.1921410924,33416,518
2024-09,53237.1324058557,51617.0929690307,17905.6986110072,73099,314
2023-06,99041.9832984757,115801.965097614,17597.4548594762,35858,406
2024-12,141123.755014173,81771.6249263784,35445.2660724501,58855,
2024-05,101532.289133952,58669.547046453,14652.5357548098,103749,428
2024-02,125832.9396702,64420.4921172984,32556.6725302486,63192,536
2024-07,154993.424451953,43022.767797562,11121.2840858407,37954,
2023-06,109703.570927812,65829.9136976046,36580.7883261002,72856,
2023-10,158659.786484494,117203.365681005,16394.3475265819,25889,474
2023-05,80661.3360676458,85162.6406286458,20713.826294998,50756,416
2024-09,63624.3415874896,90284.0069392427,16483.070775864,52399,416
2023-05,63268.0068033691,72967.6586832608,19051.7261277691,43828,404
2024-03,78388.3492359859,66114.9900139415,14320.6469363835,63104,335
2024-08,113801.361726507,129392.627530752,19401.4526371953,63344,539
2023-09,130815.746801212,79579.9671005565,25136.8620719889,34551,405
2023-09,81859.7445510424,136015.303004357,13499.3238859579,40070,365
2024-12,116794.352857923,83565.5348167221,28694.0718162125,58055,372
2024-11,75781.6668996889,114133.218706896,18373.6140433856,64251,396
2024-10,70970.3071513444,72418.4805583324,12255.6016356024,43213,363
2024-03,115348.152711071,40245.2169186425,19861.0559399272,42960,354
2023-03,103980.538573992,66238.7031827697,31057.1039587734,64256,478
2024-07,85152.694135291,55937.5291270169,20656.2394351049,48195,340
2023-01,64727.9665999912,78962.0507682982,16767.4443979802,58260,394
2023-03,133023.994162682,48517.6112029991,23208.4664615491,41270,357
2024-01,87141.9328915387,106717.624503365,17021.4531714361,68785,434
2024-03,88177.2856305827,109001.21072266,23563.1741769143,38809,515
2023-11,107784.364692594,80469.9047996373,13155.7386407551,64154,424
2023-05,118877.145408857,67311.7164118558,26672.8045752806,60941,392
2024-07,57490.2958095703,94534.3264834731,7413.22440315408,51824,
2024-12,136559.956323668,70178.9027308198,28858.1837760304,43829,500
2023-05,161810.246315105,53298.821540844,22336.2857738473,82985,452
2024-02,101853.648106889,99712.4736837755,20328.646912758,29513,478
2024-06,39911.5475840442,69580.2087215415,29659.4059932532,45721,320
2024-07,126377.917154997,58722.1303291403,10222.1942432644,53294,
2024-07,62689.8065743347,95923.8134998718,23715.9008446179,45682,372
2024-09,114111.782260275,109759.035493802,17737.6543191254,57856,465
2024-05,126379.218781269,80982.7299685866,12701.3958874691,44450,
2024-04,154553.931351448,67899.509420093,26438.2995482192,46063,467
2023-01,145461.902477908,99107.3145355108,10069.6058180723,43130,507
2023-09,104256.341278855,51278.9970096034,13448.3804402102,58441,421
2023-07,100535.659044465,141882.845023403,26593.2189076451,47078,426
2023-05,70753.4708608288,88385.5330120092,16089.7836406927,70084,446
2023-01,118991.996424917,50525.0956760776,14622.2490195808,65068,360
2023-12,133664.252017586,91865.098075869,20413.7430785055,41566,443
2023-07,105689.438646247,105813.472457528,12914.11519493,46846,418
2024-06,119880.350730585,57288.3915619306,9467.44165690228,58087,308
2023-05,138549.391442865,76101.8475629273,7619.75134180443,44234,433
2024-12,84018.9673733507,80500.7437206087,25920.6269256423,47573,353
2024-08,91030.4800788448,115371.003411482,33480.5147626655,25760,504
2023-06,107504.431481061,103099.566978004,15596.093917859,28780,450
2023-04,71770.6821615185,45292.6892128787,9452.78894021227,57210,333
2024-09,123473.98065624,96726.8813624091,16632.5314833299,49154,
2023-12,93690.1668140353,55818.6315504734,23123.8743509947,62901,
2023-11,138438.08936204,82838.0374119486,21928.6318112465,29606,358
2024-04,104323.49088339,99743.3031158002,14628.9564508404,70041,450
2023-08,72749.7624487605,80771.2166763377,39815.4330697873,35089,443
2023-08,90317.6634182997,97672.4072729628,30138.1891705471,45365,484
2024-05,166636.101828159,81656.8684336059,26279.1094999535,42914,485
2023-04,94699.7472187527,99923.3981414649,29637.4074860554,48684,510
2024-08,145901.423246849,101171.343579498,15871.7877462262,42658,417
2024-06,128474.982107145,49705.7948127659,25414.7012328881,37026,460
2023-07,100516.587481917,113340.964046496,29131.6366265702,67220,522
2024-06,104308.925019646,51030.1733393849,11579.815560021,24957,314
2023-10,102064.709731139,66008.6454793709,18558.9151647212,55912,376
2024-10,66345.1359876225,78669.1583109142,12812.0761058172,46750,422
2024-02,91884.8408771148,124273.938833694,31453.0878955038,43048,398
2024-03,98423.3751423942,108833.194084922,16078.4727501705,60897,478
2023-05,76779.2304891218,63098.7227927853,25701.2962570161,51822,344
2023-05,89434.5865564124,78237.0111818145,7481.16460035632,59187,343
2024-11,16488.513286057,79403.2257922637,14067.4299288519,70265,278
2024-09,67070.6990926417,92698.3167490504,14716.4210559393,40646,396
2024-09,68785.980763313,43568.1585450137,33807.9840167547,56953,358
2023-08,99895.6837089419,92646.6089529039,27786.6995969074,40928,447
2023-08,84798.8747136928,75275.4688871844,21285.5429397192,49919,424
2024-05,114612.596773468,42295.7697656956,9137.41434347646,45563,458
2024-06,74452.2450249519,74794.4322596812,15709.2317843478,43351,
2023-02,142023.31828587,91399.2099970147,13571.7523085833,83038,
2023-01,82683.3713085366,115302.40936694,16247.4350564495,69954,363
2024-03,142900.911667641,85026.1916070424,30328.4178616195,72821,414
2024-01,138273.15462275,44777.4023893649,11622.5251580142,40359,422
2024-11,100990.476308046,75821.5978959291,21169.8822321789,57095,437
2024-01,132825.005068454,125500.870319186,19829.1010204682,43746,503
2023-12,65672.3555120614,63032.3966972097,27995.0475711423,48510,311
2024-06,55305.9080390448,81217.9169848452,29135.1722957441,63542,384
2023-03,160267.282572884,77379.4908514884,18891.4590128207,19190,
2024-10,125560.451047255,119099.033421493,13358.1229306617,55547,499
2024-09,100336.244595877,22917.9885618192,21978.319996594,59137,315
2024-09,92375.3640737684,51112.5989467809,561.180388642821,62324,334
2023-07,147930.249901149,101433.054797654,17166.3219066764,49001,491
2024-11,129006.502502672,88066.7657685503,28844.7451623159,46439,407
2023-02,98055.7223931661,85129.6222684046,10387.7168420857,33959,409
2024-01,87809.2944588873,75853.97735845,17122.4586743934,68247,
2024-01,62879.389298825,66680.1696729888,26800.0341437567,57223,367
2023-05,65871.9938510729,62936.4988461614,15865.8594596297,53323,433
2024-10,79393.5929563562,54349.118811119,19131.3081853765,62380,288
2023-03,143609.024526248,75699.2159471083,14125.439981493,30797,467
2023-06,94864.864142754,84267.6370688627,12793.5060719091,46170,363
2024-08,96982.2068386538,63261.1918406047,7726.55231450223,82741,294
2023-05,105443.770208276,35699.3042893989,4023.6205070562,51173,350
2023-07,137844.969724072,89988.6710253926,18801.5142500337,38604,522
2024-08,127865.537381507,48841.7630562894,20303.7098256851,51728,390
2023-10,123155.514574204,100793.328458704,18476.1144175592,46629,515
2024-11,127985.166770867,81809.0097477096,6966.32768735957,54128,442
2024-06,17364.3511480488,86296.7362079506,16666.4641056341,47349,274
2023-12,95554.3212878907,114799.789404533,16428.8120094759,61586,379
2023-08,122762.685779681,80041.3963905488,22816.1986303142,50085,
2024-12,22972.4464619873,44504.3671635608,23336.6439840692,25477,278
2023-01,98369.7747689005,59296.4965596776,14467.5087784498,53258,425
2024-02,71246.5185623558,65623.5450953157,14149.9122133836,20943,359
2024-11,128041.532374855,105416.080182897,13033.8689884741,34979,439
2023-02,124878.210596994,83871.2612077596,22314.4370869901,63701,399
2023-07,93400.8973998091,120865.13779403,18425.511015219,34791,393
2024-05,71854.6044633627,88929.0646425318,12832.4239712898,53252,331
2024-02,36298.6438480532,87665.4946745481,21187.7094523751,56213,315
2024-09,76613.6657392187,90036.6714620387,32152.1565802478,50134,434
2024-04,90352.3694672288,41409.2369531579,27739.4353532325,60900,414
2023-10,94541.6368497274,94926.4024934635,27150.0943791026,69441,474
2024-12,101914.636751009,47293.6686143907,21245.2663813739,53078,417
2024-12,140616.755779703,77621.2371985805,36807.8975185049,28888,497
2023-11,76044.3882344792,32319.4500077799,18385.8049896067,32513,330
2024-01,101043.077442834,107963.535233399,7939.3189218885,60901,408
2024-06,130865.474608288,69206.2206242218,9342.04330589244,35390,340
2023-05,114334.42458762,116923.050555367,15480.3877867582,57549,362
2024-04,105409.637475319,96714.0654084282,8415.00179778505,47553,435
2024-08,11986.8805831157,113386.326542544,22829.4350071284,58600,327
2024-01,48318.3255530393,93351.5739079238,19339.2773966679,50385,416
2023-07,122861.916215878,128030.93542724,21230.833830988,41705,458
2024-05,112469.901176158,105396.412974824,8263.72838849025,50102,493
2023-04,92793.7338699244,103275.296371728,23944.940217728,61470,382
2024-07,75837.9498980326,80506.7973030572,7742.22570207751,46763,368
2024-03,153539.068208493,90067.9547317455,25001.8277669848,63973,427
2024-04,95047.5201288704,140635.314795097,19367.0222209239,63397,494
2024-12,55656.5885683693,87761.9819251483,21173.9797776418,53959,330
2023-11,66492.4146426352,68099.7499994787,19217.6400233264,64219,450
2023-04,141897.935386695,101504.630269546,11965.2779016033,45093,457
2024-08,81026.8288577148,94430.1413131988,25763.8888660343,56435,459
2023-12,72862.2635886078,103320.717602305,14434.8363990384,38708,410
2023-10,136476.206865969,92200.3371594003,20166.4321901804,53721,457
2023-10,66221.4731159382,48934.4963763771,19369.3929642124,50958,344
2023-08,120283.048409497,74613.0820958915,24503.8334552388,48264,520
2024-06,102421.411801793,138518.065288142,22816.0927287269,47435,413
2023-06,56713.3427782692,55213.9428900961,12963.1495266881,54737,300
2024-02,105607.811576635,112049.459059417,19297.5331869212,74949,375
2023-03,95482.4935487522,66517.1769097255,27492.0528484561,23122,331
2023-03,96779.5953264711,118784.443025237,21806.7346722985,33781,
2024-01,150189.691085349,64471.630030094,12456.2930204019,67728,477
2024-04,138221.789298004,56248.9529933546,7799.15487188512,51597,415
2023-10,110938.054111145,116954.598390975,6129.86327993401,60316,361
2023-09,125672.059625825,68126.0823869656,13488.2256328759,42681,334
2023-04,101212.868195004,60683.1652334886,26290.3858472022,57680,486
2023-11,110989.824506232,93016.9441770019,31200.7984946225,42468,373
2024-12,106002.821773852,44434.1632696399,39631.5093834031,67465,529
2024-06,101873.409299894,93764.33984254,16324.1965443788,60595,348
2024-07,23707.2043157566,60232.2345127858,8356.21219506148,67735,379
2023-08,57912.1278276067,112292.890188031,27611.0798680062,31162,383
2023-04,82595.0883362644,98699.88496568,10169.7651927599,48813,347
2024-02,114200.235501554,74580.1992078018,15718.0343684768,47440,507
2023-10,87493.0109164183,53974.8695429053,24667.4685532477,48277,309
2024-02,166944.890056074,71188.0263603338,16977.0443683092,51918,544
2023-08,49607.6402044301,86899.6462355135,36698.177294349,51544,330
2024-01,81448.0944111804,85172.0632439198,30646.4313251189,45927,452
2024-05,56938.9351885933,43907.0407601236,16137.5944905204,67256,327
2024-09,108694.335866999,86951.9898893382,28873.6638606938,42677,470
2023-09,75073.5200843461,129581.816398019,13596.8711656265,39411,
2024-02,102393.65294297,88171.3101565234,21818.5103639385,36915,497
2024-11,126806.266176673,113973.748781678,15773.3528871166,54998,459
2023-01,133840.078786045,109006.20329574,21544.4064236649,31784,553
2024-08,116679.623010704,64789.0739652215,23252.3371061336,31866,467
2023-04,55863.6476716254,74479.1376990729,21955.6355968444,62466,364
2023-02,119048.886208377,79295.8272887612,19742.5123924457,51025,412
2024-01,49402.8927075569,60791.9126575843,21958.1987288936,47010,334
2024-10,90299.3899168385,58410.0401817046,16055.2043121897,46318,369
2023-07,111801.350334091,75486.2427278565,11762.7579544606,33223,525
2023-06,66105.5490920631,67034.3749683904,24136.0024201115,54330,
2024-08,86718.4879140347,85963.9517659887,20490.7493139269,46254,408
2024-05,131660.966402521,79444.9944141169,19875.6227708514,62817,
2023-03,147518.093228905,36094.2441380106,27240.9534653551,57218,386
2023-06,107547.637539965,106278.04369395,13366.7286201168,55310,462
2024-03,67869.4131240554,76442.8576888713,22407.7470131393,40446,329
2024-04,95948.6619441168,100040.992922592,25149.8720095369,39663,458
2024-04,74921.8067150047,39745.7550501641,17062.8514316221,63475,373
2023-05,99952.8457788042,69582.3629102236,16881.9029110686,51305,335
2024-04,89556.7796439611,74610.7634660058,9191.40433238802,39938,388
2023-04,100285.35519823,72280.9552201654,12708.5804996963,68922,341
2023-01,107547.784217852,67803.2727981551,20290.2343411067,55491,333
2023-06,99801.5126753954,109768.216224496,34092.015147936,48439,457
2024-05,166339.990858046,108373.10703998,15061.7234459582,42572,
2023-12,69668.8860986281,107193.168783471,22674.3997100081,56212,
2023-08,81105.2558726077,116549.820771708,18026.1017555722,45068,406
2024-08,105790.663981538,54229.3718320138,15481.0280463447,42583,
2024-07,73421.1229600033,36105.8035560487,4263.24349675077,32355,378
2024-10,100486.197984522,92531.2271701801,24291.9018169706,50674,419
2024-03,131335.792894544,83649.897857816,31192.7798341073,57449,429
2024-01,85085.9792839019,61813.379838643,29740.3841756057,45139,354
2024-05,109593.341233805,77570.8223406874,22356.5481006013,72677,462
2023-06,100810.316629057,44789.4153948498,16000.3000223309,58532,
2024-02,164229.108889911,80360.4140658887,20390.7871456759,42000,
2023-07,65259.945804333,134122.314727536,30538.8104372161,61811,364
2023-04,106162.398113733,110227.15995035,24744.8431948619,37974,411
2024-11,86441.9158598203,64914.0541377848,32230.2306856825,26947,435
2023-03,61230.8987521465,55968.7128137233,3922.13306505026,43411,389
2023-10,107944.727273943,50040.9613250226,28137.1813950345,64775,409
2024-10,161042.474744578,100539.103115615,25461.2200583407,40359,523
2024-02,106503.738328135,92995.7250667757,14523.3150468694,51537,369
2024-07,35586.037001019,104957.61421446,7980.88814648386,51286,352
2024-07,109796.890475892,72923.0231600437,22169.6918022398,55651,449
2023-05,152003.240181528,85854.8537874551,20512.3907601416,39119,483
2023-03,120021.493094217,75192.4203929593,24356.9000334723,46489,462
2024-10,127378.069420892,102465.696668262,20942.7546091304,37520,420
2024-07,117854.719716542,141220.307643506,17274.2338277433,55470,437
2024-11,70780.988672527,63092.1034105659,3340.22418637863,66241,216
2023-09,92085.153087981,50546.8026162486,12924.9582771024,66518,368
2023-05,71038.115224549,65262.0716875872,13876.1502364633,49477,359
2023-08,156867.243196857,32092.4808500573,19721.5014819364,46213,
2023-11,110644.543545352,94759.0552028736,22760.6894881207,38816,492
2023-11,123955.14713847,102888.244793119,30112.4013640573,55012,540
2024-06,111329.187153599,74523.5352993848,19947.1687161331,49713,
2024-01,148956.665451107,87407.3841375917,20757.9078066633,54659,
2024-04,66048.2743420102,58874.0372070931,8955.43186042403,47208,343
2023-09,86040.3244497677,66506.8300462058,21139.2389330251,43974,397
2024-02,133427.030402278,96925.7617450202,27048.1067773216,63031,479
2024-10,95240.769218707,60693.6732279201,16870.5746909142,43715,414
2023-04,110403.476637826,97418.9465678575,10717.3051511988,67180,388
2023-08,66999.5007377601,69019.5558794547,39870.1279407001,45347,385
2023-10,94236.8595811097,76284.4904142136,13748.19147359,51718,436
2024-06,109428.679464361,52220.8675275004,17245.2327605303,43381,388
2023-10,139913.55014687,76277.9300994779,19294.7610490369,71331,483
2023-12,117222.438463196,128953.290382544,23918.4900383521,26161,509
2024-03,52239.7462864405,91300.1342145612,6290.05140696608,44397,319
2024-12,76896.4267830474,71278.70007022,28260.4937628844,41432,417
2024-02,71030.510811781,75262.5105901968,22590.7141306196,38041,
2023-12,114756.344517367,108077.009983516,19367.479844101,44512,447
2023-07,101664.397562961,86072.5635177813,225.960802509715,37170,328
2024-06,104526.028855347,84646.9470905567,25089.4439094723,53090,357
2023-05,143410.138527552,111797.957585559,9934.42167978459,53992,422
2024-03,104165.919676016,106332.756991047,37040.8341305677,59015,478
